#{"t_start": 1776093006.9713504, "env_id": "None"}
r,l,t
1041.121415,5869,1210.028869
1006.901309,5996,1338.978549
1016.762966,6059,1463.51936311029.900749,6058,1572.172856
1018.936853,5899,1657.080571101039.741905,5927,1746.643533101017.279931,5981,1834.499261
1013.536868,6024,1923.938256
1019.243443,5968,2019.44063
1037.9414,5918,2105.59894911018.026407,6216,3033.830832
1019.084822,5897,3122.123458
1020.288012,5905,3209.98047
1028.272345,5861,3296.109874
1007.076305,5966,3382.4287
1031.996057,5921,3472.069844
1026.073091,5887,3557.423236
1024.929022,5820,3648.50969
1033.953904,6033,3738.708262
1034.935887,5907,3823.696883
1030.075065,6044,4715.486709
1009.304812,6250,4820.538094
1030.847828,5975,4918.051149
1019.614308,5889,5011.061525
1034.584551,5908,5101.416269
1033.290218,5931,5189.935095
1033.1684,5850,5281.428963
1022.188713,5982,5369.531741
1019.090838,5984,5461.561449
1032.157835,5852,5548.988738
1019.610816,5923,6486.523854
1012.368696,5992,6577.243995
1014.723597,5943,6666.088731
1018.885548,6092,6758.268618
1016.410553,6015,6848.41599
1022.933769,6052,6939.663045
1033.94524,6101,7031.965456
1017.68763,5953,7121.300093
1025.467404,5986,7210.088228
1036.784232,5911,7297.442398
10111002.411754,6332,8308.386810251038.843774,5895,8402.692710071024.361959,6009,8498.456910171030.096083,6160,8595.235610211026.537763,6153,8695.774810361029.537971,5776,8789.222010411034.638467,5785,8879.9980998.1030.585931,6121,8974.91410171027.879239,5864,9063.4591030.1028.001994,5796,9156.131018.71019.549545,6077,10100.1024.8441012.362517,6063,10191.1027.5541001.428119,6185,102821009.06501009.129336,5884,103691031.75541015.368401,5978,10451035.010991020.341506,6022,10541020.835811021.2614,6072,10638.1032.4621022.057857,5849,10727.1024.5281021.048282,6096,10816.1048.9791008.257055,6083,10905.1035.2071024.149637,6033,11807.1016.8851032.996386,6008,11897.1022.3161016.802373,6121,11989.1031.4071018.859169,6133,12079.1026.3671006.388319,6262,121711034.03601009.860749,6231,12264.96077
1015.241171,6057,12359.175225
1014.64736,5945,12449.137727
1017.159503,6122,12540.434755
1014.413081,5971,12626.1033.531023.818247,5967,13452.926719
1009.396001,6178,13533.502338
1019.38277,6205,13614.674415
1036.566086,5986,13693.895726
1043.024937,5864,13770.90783
1024.643816,5949,13848.503812
1024.602428,5938,13926.432908
1031.824225,5954,14004.300733
997.707809,6122,14084.62893
1022.062896,6167,14163.899010261033.529689,5805,14960.387868
1021.98582,5957,15038.579648
1036.175765,5839,15116.842633
985.820941,6198,15199.249838
996.407919,6340,15289.704972
1009.503612,6110,15370.294258
1024.883572,6099,15451.510587
1011.737137,6171,15532.280566
1026.719045,5830,15609.328492
1031.86019,5868,15686.722075101020.716229,5990,16580.285868
1000.679463,6140,16669.052886
1013.433995,6024,16754.937068
1009.839295,6209,16843.014273
1017.840645,6008,16928.082631
1012.945297,5837,17012.857337
1031.955557,5884,17096.690205
1038.167901,5704,17178.653906
1022.970031,5988,17263.11939
1019.738804,6014,17348.479010221021.920457,6105,18210.858741
1030.416048,6102,18297.474396
1028.934053,5889,18382.773662
1016.00307,6139,18469.746554
1009.741534,5962,18555.787998
1022.345736,6040,18641.723808
1030.93906,5814,18725.89278
1015.007144,5998,18810.854513
1014.359875,5928,18895.966725
1023.972187,6170,18985.285071031001.026244,6198,19872.833851
1018.496894,6023,19958.129981
1021.769398,5907,20042.637144
992.06906,6114,20128.278469
1017.13421,6022,20215.103659
1025.169333,6003,20299.688895
1018.736744,5969,20384.881299
1014.52576,6134,20470.202742
1034.732042,5800,20555.211721
1020.320009,6023,20643.228592101032.848864,5907,21505.817944
1020.520621,6246,21595.2201
1039.595405,5744,21678.171313
1004.794181,6104,21765.713162
1013.060839,5906,21850.564338
1013.647603,6017,21936.002219
1029.164288,6124,22022.70037
1031.363743,6015,22109.862282
1021.078015,6090,22197.203843
1026.088279,5904,22283.95674
1042.861838,5719,23157.227389
1029.727567,6008,23242.122858
1014.41977,6172,23329.93603
1021.950123,6033,23414.641148
1011.788056,5957,23499.868446
1023.384626,6161,23586.074066
1022.730787,5955,23668.866648
1018.101074,6034,23751.778396
1018.382998,6066,23837.342553
1034.544313,5962,23931.385844
1027.908842,6060,24807.16408
1027.580862,5823,24926.436926
1007.958653,6160,25011.633158
1029.930313,5921,25094.341927
1022.073189,5946,25177.580043
1034.135811,6081,25262.471908
1023.168145,5987,25341.968393
1025.313802,6068,25428.477969
1020.692611,5908,25507.453324
1027.248893,5733,33221.54968811015.169233,6085,34051.968117
1016.831454,6159,34136.371341
1029.146816,6050,34220.837502
1037.382001,5850,34302.256429
1025.639115,6041,34385.811293
1015.822675,6168,34471.461089
1034.572387,5925,34553.96361
1031.556471,5752,34635.876841
1006.317013,6016,34720.343119
1027.267619,6069,34805.387481021012.91877,5897,35649.00987
1028.776227,5848,35725.511021
1012.355553,6153,35809.895227
1010.187595,6222,35889.151504
1032.434656,5948,35965.536109
1022.92721,6114,36043.630586
1033.628983,5949,36119.492168
1028.854368,5880,36196.714936
1016.012215,6220,36278.073558
1022.161603,6180,36359.386094101031.770084,6161,37154.604421
1030.208221,5881,37232.823483
1024.790886,6029,37311.341287
1038.915341,5977,37391.793575
1024.285639,5911,37472.013936
1044.678559,5727,37548.075159
1040.122459,5944,37626.453083
1032.956993,5800,37703.084624
1029.728763,6007,37783.481783
1022.927083,6022,37863.604161021027.73351,5914,38686.05485
1023.243441,6123,38772.334174
1029.070977,5994,38859.380891
1018.078125,6184,38949.64591
1019.976155,6091,39037.870048
1025.859928,5972,39125.083836
1019.559219,6186,39212.121273
1021.898296,6110,39299.868521
1027.91451,5933,39385.381416
1039.781252,6023,39472.41094211026.659603,6027,40343.283359
1033.093489,5984,40429.851836
1033.847829,5817,40514.409235
1025.192902,6037,40602.772333
1030.171153,5862,40688.808533
1016.335282,6082,40775.699877
1017.209851,6012,40862.489035
1025.97005,6076,40950.208301
1022.798229,6153,41040.616637
1008.934462,6140,41128.722041021027.725222,6093,42016.499306
1020.480046,6061,42103.57974
1028.710597,6149,42191.797331
1023.837468,6030,42278.142747
1028.815123,6104,42366.522951
1021.240716,5984,42451.000716
1031.099324,5969,42537.046016
1020.449256,6212,42624.817356
1039.528193,5723,42708.094884
1014.209211,6066,42794.624851031031.649645,5901,43609.349383
1012.214921,5967,43687.030095
1028.49582,5943,43764.158632
1028.809754,6022,43842.217547
1016.54463,6161,43923.440597
1023.558879,6032,44001.059361
1037.26456,5859,44078.371538
1022.349431,6023,44156.901637
1035.051263,5865,44234.233956
1034.683579,5963,44311.871024.51037.686855,5762,45108.436857
1029.969463,5949,45185.324426
1033.176038,6013,45263.670236
1040.964736,5929,45340.335128
1024.759687,6183,45419.535302
1021.461165,6174,45504.111198
1025.772629,6036,45588.948695
1035.855181,5852,45665.736203
1037.082172,5902,45743.729693
1010.628627,5992,45824.1038.0821021.001161,6150,46661.618057
1020.903302,5995,46746.192409
1023.231161,5887,46830.335083
1018.396271,5924,46915.985476
1027.046793,6118,47001.271546
1032.618461,5884,47088.242764
1025.509346,5925,47174.4497
1021.953706,6101,47261.80023
1014.585966,6305,47350.834636
1018.639317,6017,47437.671016.31029.562764,5990,48328.096532
1027.123167,6134,48414.886452
1032.597703,6049,48500.705702
1006.544324,6189,48587.505182
1041.807595,5776,48669.661168
1014.704372,6225,48758.182079
1011.503539,6016,48844.514799
1024.45185,5981,48931.046956
1036.727694,5841,49014.483671
1022.985636,6140,49101.611025.61031.020357,6095,49905.77404
1023.351089,6165,49984.900794
1029.903627,6094,50061.532257
1033.494267,5811,50137.43798
1033.118312,5982,50212.983511
1018.247975,6147,50290.653481
1024.30629,5854,50367.678645
1024.452047,6023,50446.456405
1027.272547,5812,50521.898866
1012.802605,6031,50601.150210181030.205208,6053,51391.200566
1037.885705,5986,51466.332838
1019.23992,6123,51541.825809
1036.710155,5829,51615.924691
1014.899232,6155,51694.672701
1020.091482,6152,51775.601797
1031.866898,5996,51853.189989
1034.368562,5866,51929.806498
1030.30344,6060,52008.445371
1015.823706,6181,52089.0751021.1024.921159,5948,52862.496428
1024.538725,6007,52939.407506
1035.121638,5970,53017.752112
1032.889566,5795,53092.861221
1033.995881,5767,53168.344519
1031.665536,5970,53246.600869
1015.859914,5873,53322.446028
1016.281708,6038,53400.188825
1020.368989,6204,53479.038955
1024.356966,6183,53556.8561027.1024.797284,5982,54304.657661
1027.366542,5975,54377.769366
1026.410677,5847,54446.299704
1024.246516,6015,54515.406818
1011.696622,6125,54588.464999
1036.655152,5760,54657.435069
1038.970172,5856,54728.010458
1018.438184,6123,54797.609165
1024.975316,5991,54867.828315
1016.942772,6101,549381030.64661025.350808,6110,55635.674713
1019.457534,5836,55706.613119
1017.024675,6204,55778.142593
1028.427179,5988,55847.035744
1004.801755,6118,55918.252049
999.534817,6270,55990.233428
1030.793502,5898,56058.240977
1023.623744,6076,56127.471128
1037.773834,5794,56195.815556
1015.204351,6057,56271031.519131007.888936,6024,57083.354857
1016.391817,6120,57162.344009
1009.743771,6197,57241.6513
1013.321176,6037,57321.742193
1038.791845,5846,57402.311074
1024.105298,6154,57484.632215
1026.107722,6022,57564.612037
1036.652723,5969,57645.013391
1023.856621,5873,57722.684245
1004.515962,6210,57805.1010.1391027.557241,5890,58595.941432
1033.547664,5875,58675.856924
1013.014938,6218,58762.679595
1037.797335,5983,58848.958068
1036.02135,5791,58925.173528
1028.474145,5913,59006.178662
1038.765904,5866,59082.943159
1024.030435,5950,59161.096768
1017.672433,6221,59242.170582
1027.668908,6154,59330.1019.4391018.144446,5948,60214.311189
1037.235357,5991,60300.331243
1027.546362,6027,60386.515004
1031.978672,5812,60472.473503
1023.611122,5995,60558.321308
1012.604936,6010,60645.52183
1019.648642,6112,60733.03798
1021.888007,6102,60821.566352
1036.956549,5847,60906.755504
1028.181972,5991,60992.1025.5751023.610583,6178,61895.037273
1018.437168,6030,61981.412632
1033.728019,6056,62070.090826
1018.339852,6183,62157.318981
1020.489328,5972,62243.592924
1027.752741,6226,62334.76739
1016.287205,6065,62422.330849
1025.948046,6126,62510.390595
1026.139427,5915,62598.645822
1032.33091,5796,6261020.5988871018.026544,5880,63549.157686
1028.803782,5964,63635.123037
1019.048416,6063,63723.074687
1033.059153,5852,63801.843022
1031.614859,6014,63880.945123
1023.186828,5989,63958.177359
1031.653896,5753,64035.20444
1026.644122,6051,64111.247123
1014.841566,6157,64190.784752
1016.83146,6145,64261015.744021028.263391,6008,65063.337278
1033.480585,5907,65139.66591
1037.259666,5655,65215.061949
1027.375857,6010,65292.732769
1033.829968,5866,65370.336403
1023.69384,6021,65451.030717
1000.575571,5950,65528.150578
1019.907175,5973,65605.322249
1005.154502,6174,65684.08647
1036.369841,5778,6571033.57427,1011.607533,6037,66542.374094
1025.749372,6125,66624.496148
1008.892826,5995,66707.061537
1022.571361,6006,66787.678875
1024.606161,5835,66865.430753
1030.431337,5983,66951.193784
1025.138599,5923,67035.606772
1026.353958,6044,67115.734998
1038.712544,5929,67194.506607
1017.492067,59841032.845792,5971021.983684,6004,68086.116636
1031.691554,5945,68167.473592
1022.159034,5988,68247.832371
1028.658845,5884,68329.438459
1019.534867,6035,68410.767686
1016.552891,6126,68490.764504
1026.162975,5860,68571.022791
1012.974974,6126,68651.71547
1029.009622,6061,68736.659959
1022.07083,6070,68816.058368
1014.499939,6088,69612.995591
1028.560764,5902,69697.343649
1026.472652,6062,69789.124147
1017.195869,6166,69882.248109
1027.691984,5855,69970.406924
1028.325608,6115,70058.813878
1027.088636,5909,70147.722827
1034.646084,5946,70233.770669
1037.686509,5904,70319.109349
1032.690761,5968,70406.647883
1006.30555,6242,71308.375166
1013.066983,6141,71398.316846
1024.267906,6098,71488.567185
1009.072273,6152,71579.483739
1024.625435,5976,71670.150493
1018.141237,6149,71761.854969
1013.600049,6093,71851.689066
1014.162196,6061,71942.975724
1020.00805,6151,72031.26682
1021.190619,6184,72119.306902
1032.412329,5813,72981.049558
1037.216734,5858,73068.240331
1013.296313,6000,73157.78746
1031.05692,5812,73245.721643
1018.934694,6046,73335.61623
1015.87706,6158,73428.97989
1016.510274,6037,73516.669171
1028.313019,5963,73605.848969
1010.883941,6182,73695.112017
1019.149985,6131,73782.926593
1018.979404,6136,74688.71053
1028.443889,5892,74775.716648
1028.61149,5887,74862.843656
1017.573669,6076,74951.629112
1025.89966,5852,75040.177634
1014.524321,6201,75131.206429
1022.299485,6009,75221.569982
1019.113692,6196,75309.898265
1014.438395,6262,75399.15929
1008.983094,6031,75486.191262
1029.723794,5913,76352.57122
1017.278969,5833,76439.025211
1024.976531,6096,76529.381961
1024.718196,5960,76618.303976
1014.637761,6183,76709.627308
1039.162738,5825,76797.453619
1016.578307,5933,76886.419511
1006.22024,6106,76974.238805
1018.031952,6092,77064.132617
1029.93695,5934,77149.306358
1026.836547,6110,78032.295279
1033.87351,5983,78117.333883
1014.086278,5925,78201.040143
1033.195947,5881,78280.788772
1022.06429,6151,78362.612695
1017.825814,6115,78446.704351
1016.235944,6213,78527.978417
1027.984549,6023,78607.975737
1038.568106,5887,78685.714518
1026.765281,6000,78763.9702
1029.476334,5920,79548.792179
1036.221332,5902,79629.038754
1025.203347,5910,79707.514085
1030.812495,6072,79789.259253
1019.02006,5962,79868.121379
1020.828179,5891,79948.74365
1030.432712,5994,80028.723881
1016.004592,5978,80108.218408
1023.60235,6074,80191.13369
1024.08484,6031,80272.626968
1027.621889,5844,81092.756882
1016.086716,6308,81174.929298
1020.315249,6107,81255.961598
1023.833625,6309,81339.621095
1020.024779,6060,81421.17101
1026.56836,6052,81502.671383
1021.859971,6100,81584.006073
1021.466064,6004,81664.279763
1034.547088,5878,81743.372878
1019.109862,6200,81825.51339
1028.323562,6028,82628.93842
1011.47584,6100,82710.247276
1015.300242,6101,82791.177855
1020.602679,5970,82871.275989
1018.747837,6067,82952.247256
1028.831545,6029,83031.953539
1024.512793,6005,83112.51586
1027.023534,6099,83193.174555
1031.30466,5882,83271.338977
1015.508681,6016,83351.508914
1018.526223,6065,84161.42305
1032.251266,5961,84244.391943
1022.183061,5870,84324.059583
1032.054762,5899,84402.593064
1014.060128,6254,84484.858934
1022.013535,6056,84565.340751
1023.536793,5991,84645.548258
1024.100114,5994,84725.461507
1028.130042,5979,84812.523021
1027.836418,5943,84893.945035
1026.725987,5932,85695.879352
1035.303763,6024,85775.393165
1017.027562,6226,85859.476788
1034.141442,5918,85938.344432
1040.098751,5731,86017.159404
1014.15558,6100,86099.254444
1016.85855,6179,86180.624818
1031.301977,5792,86261.272987
1037.616486,5834,86340.272502
1027.196301,5944,86420.641867
1024.414613,6082,87237.793812
1016.79565,6131,87317.894541
1023.761801,6071,87398.825283
1018.87278,6085,87478.770286
1029.065029,5861,87557.619613
1031.345019,5876,87636.603249
1035.100416,5841,87714.023052
1031.736943,5972,87794.385556
1025.330029,6054,87875.238845
1022.200432,6166,87957.246698
1033.718442,6058,88752.48983
1024.996779,6098,88831.882059
1043.672803,5744,88909.99996
1037.174733,5856,88987.716313
1019.386619,5964,89066.86909
1015.279641,6119,89149.311233
1031.325727,5914,89228.587504
1023.885801,6032,89309.700969
1033.82048,5965,89388.906434
1030.105995,6039,89468.420141
1021.027656,6184,90287.331198
1026.500469,6123,90367.960278
1023.565746,6193,90450.099845
1034.158922,6042,90530.033492
1021.725784,5944,90608.76754
1026.73942,6063,90689.314883
1028.244349,6059,90768.961641
1028.465257,6132,90850.560397
1032.377156,5892,90928.68347
1025.411685,5996,91008.754493
1022.42859,5983,91828.408288
1021.128429,6127,91908.14363
1029.636164,5968,91988.379983
1028.573348,6047,92067.789095
1030.768052,5993,92146.074024
1031.213321,6002,92224.956158
1034.490012,5937,92302.45053
1017.016199,5885,92380.869144
1023.444061,6143,92460.832642
1012.057733,6256,92541.777775
1021.721426,6013,93336.79259
1008.532143,6238,93419.257788
1037.28566,6051,93499.195862
1028.169185,6027,93580.413152
1027.365352,5980,93660.742911
1029.60129,5912,93738.463298
1027.052148,6105,93819.306744
1011.668157,6271,93901.648186
1036.409998,5787,93979.357998
1037.242211,5918,94059.694109
1024.280052,6201,94878.433883
1021.051259,6084,94958.537213
1031.323555,6031,95040.212772
1020.040839,6064,95120.363383
1027.868899,6041,95199.195756
1033.901018,6075,95279.287805
1014.840764,6085,95358.522004
1024.245885,6122,95438.014946
1027.247176,6105,95517.71586
1031.433922,6004,95596.7399
1028.610624,5976,96401.419231
1026.6072,5923,96482.907637
1022.24321,5974,96562.600049
1021.149804,6112,96643.336395
1015.848456,6243,96724.917331
1018.57452,5932,96802.393186
1018.298412,6152,96885.381347
1020.887017,6030,96965.08697
1023.895094,6018,97043.976081
1037.744445,5993,97124.869866
1036.44197,5865,97936.451944
1012.145598,6020,98016.169006
1038.720931,5881,98093.995677
1036.28682,5924,98171.51641
1012.248886,6113,98251.594623
1025.444757,6288,98333.236109
1020.402464,6174,98414.945965
1040.987478,5890,98491.353185
1035.803453,5930,98570.281813
1033.477575,5839,98650.338934
1036.220985,6103,99464.416503
1029.876452,5923,99544.521905
1041.61729,5770,99621.497192
1029.090122,6093,99703.0432
1025.636316,6119,99784.861054
1036.959437,5933,99862.607256
1036.944968,6048,99943.454355
1041.905377,5730,100020.048976
1017.411789,6133,100101.856357
1022.571494,6056,100182.336718
1034.036948,5987,100973.174229
1023.601631,6077,101052.678865
1024.661552,5993,101132.53462
1026.579379,6054,101211.799155
1026.748291,6007,101291.791657
1021.007854,6252,101373.050022
1037.93941,5868,101449.663573
1028.671604,6182,101532.149045
1038.580951,5881,101611.44233
1013.886926,6149,101693.716543
1031.421861,6050,102513.900137
1021.832425,6164,102594.280745
1032.576256,5918,102673.677746
1040.878371,5823,102751.040379
1039.386064,5984,102830.877143
1036.945903,5805,102908.546464
1017.559826,6028,102989.503557
1007.202538,6042,103070.609247
1032.135494,5967,103148.613724
1023.918239,6130,103230.424138
1037.383491,5910,104022.324419
1030.307594,5945,104100.820565
1029.293741,5937,104178.464808
1040.20489,5798,104255.776862
1028.078698,6025,104334.240547
1022.438611,6149,104415.000032
1034.185455,5868,104492.761072
1018.979787,6226,104576.282628
1027.883498,6047,104656.526228
1034.80845,5933,104734.675589
1036.394141,6034,105556.717144
1031.023272,5850,105635.825722
1020.284682,6090,105717.09034
1027.223884,6129,105799.466732
1030.232402,6018,105879.356073
1018.405059,6238,105961.946987
1031.73359,5925,106040.18105
1013.147406,6044,106119.868666
1030.644877,6122,106200.499615
1027.891061,5978,106280.23603
1029.009193,5658,107070.901516
1020.811281,6004,107150.906056
1020.336868,5977,107229.140152
1036.111328,5905,107308.281465
1027.758337,5958,107387.379729
1036.666559,5992,107466.068635
1026.919664,6156,107548.612857
1029.767371,6065,107629.082956
1022.996928,6105,107710.138447
1033.368608,5970,107793.160193
1040.973136,5865,108612.316041
1022.763503,6019,108693.880275
1028.709909,5919,108773.939418
1030.502387,5918,108854.722787
1030.522318,6028,108934.135236
1032.600709,6140,109015.121156
1035.064441,5822,109093.595635
1048.852185,5728,109170.424344
1028.394796,5844,109250.757706
1028.469342,5989,109330.996197
1008.465493,6260,110132.484362
1021.506574,6146,110213.067311
1022.415363,6184,110294.857607
1033.742134,5915,110372.369383
1027.54429,6055,110453.618213
1035.797674,5857,110532.051689
1014.887617,6092,110614.024167
1015.784146,6153,110695.24517
1033.12374,5827,110773.278796
1019.230313,6065,110853.949957
1029.36347,6131,111673.372065
1030.425003,5771,111751.079396
1027.318904,5913,111828.632791
1012.862815,6131,111909.234984
1046.198184,5802,111987.478118
1030.279882,5998,112067.216954
1033.558746,6036,112146.50471
1032.883393,5935,112224.747666
1025.926612,6164,112304.24703
1033.73822,5945,112383.57706
1019.83798,5901,113177.279374
1033.444586,6023,113257.225185
1025.811549,6202,113338.609654
1022.622839,6154,113420.450723
1021.586027,5996,113498.275864
1017.915611,6139,113580.744694
1046.630439,5896,113657.838857
1025.435576,5905,113736.718073
1027.575826,6014,113817.064992
1027.448663,6046,113897.008522
1025.785966,5972,114704.869332
1027.74027,6036,114783.324885
1018.611859,6076,114864.836845
1023.821976,6054,114944.792592
1033.317987,5800,115024.120327
1021.212352,6067,115103.855325
1026.089118,6022,115183.360494
1029.193563,5944,115263.577064
1029.611721,5903,115341.539224
1025.288331,5943,115419.786195
1029.564762,5970,116212.805758
1045.711625,5807,116290.106701
1026.478924,5853,116367.71729
1032.057489,5974,116446.339858
1010.987177,6129,116528.678581
1020.984352,5777,116603.631072
1013.976235,6249,116684.425097
1022.026216,6020,116762.114275
1031.285202,5976,116841.024899
1011.935757,6101,116920.535237
1028.470044,5931,117716.947873
1027.678618,6138,117796.521542
1032.57715,5972,117874.944675
1039.951358,5730,117951.179827
1008.294282,5996,118029.480002
1020.706577,6035,118109.520437
1026.939612,6076,118188.139251
1012.340127,6143,118268.205129
1026.751123,5869,118345.232649
1032.80957,5943,118423.080904
1020.562308,5988,119207.437925
1034.310224,5820,119284.522573
1031.056713,5968,119363.016986
1028.861065,5815,119439.739282
1020.304933,6094,119520.551143
1021.56828,6127,119600.63479
1029.839071,5976,119680.388474
1031.57867,5955,119760.14204
1019.476051,6102,119840.362861
1027.182394,5757,119919.124244
1028.270084,5965,120724.205805
1019.00155,6210,120806.387615
1027.549309,5954,120884.407982
1027.385545,5976,120963.346722
1021.833698,5995,121041.684381
1033.939313,6142,121121.974165
1035.603737,5802,121199.27885
1016.86917,6126,121279.601327
1027.326659,5979,121360.615433
1028.044217,5964,121440.431901
1025.230525,6211,122259.335595
1034.375796,5836,122337.85736
1019.281659,6086,122418.291308
1028.436093,5954,122497.740309
1025.533038,6059,122578.340215
1017.175408,6052,122657.13571
1026.555861,5982,122737.390536
1035.73357,5832,122814.637135
1020.890059,6151,122897.245324
1029.539523,5880,122974.751924
1021.78734,6074,123767.963552
1028.077318,5972,123849.068096
1029.999236,5966,123929.037157
1036.17151,5785,124007.358143
1028.668018,6149,124092.03439
1032.863284,5923,124170.660453
1034.904101,5658,124247.766074
1034.841496,6126,124329.630382
1015.253669,6045,124417.485565
1032.446181,5931,124505.052456
1026.885587,6084,125400.975778
1038.072368,5778,125479.892954
1020.512456,6040,125559.533067
1024.560042,6115,125640.040501
1022.804093,6127,125721.004453
1023.181278,5976,125800.626511
1022.759458,5914,125881.783303
1016.570895,6081,125963.98555
1040.305718,5847,126042.80299
1033.466482,5962,126123.534409
1038.185563,5965,126922.614809
1012.98651,6083,127004.158117
1026.581901,6070,127085.210072
1017.773502,6095,127166.184722
1037.106869,5930,127245.176968
1027.699539,5985,127324.647882
1014.807151,6105,127406.765233
1032.065184,5907,127485.181249
1041.273326,5844,127562.917893
1031.875126,6167,127645.98428
1034.722917,6019,128448.187836
1028.362624,6098,128529.739498
1033.350738,5980,128610.009439
1040.629678,5977,128690.040292
1027.951787,6110,128770.535495
1040.572208,5856,128850.032168
1023.062317,5858,128929.86228
1031.385419,6058,129009.196781
1038.512361,5871,129090.504032
1007.117614,6323,129173.709394
1031.108698,5810,129985.135645
1025.574409,5988,130064.809897
1046.68246,5799,130141.711738
1041.233081,5874,130222.284155
1030.033482,6000,130303.64251
1036.473519,5837,130383.161532
1012.867886,5936,130461.635537
1026.223246,6294,130542.438365
1014.954211,5881,130621.164092
1028.970982,5966,130698.962827
1024.952848,5961,131520.459182
1022.3736,6044,131599.406483
1043.398077,5696,131673.65223
1044.279377,5869,131752.82952
1039.193073,5826,131830.06437
1027.840721,6109,131912.763868
1038.330466,5928,131992.666705
1012.9795,6273,132073.83351
1026.82754,6062,132155.770977
1033.062187,5952,132234.270928
1012.055245,6222,133033.003017
1028.458983,5979,133113.315066
1034.085311,5829,133191.461987
1016.035034,6049,133270.825287
1038.386976,5943,133351.4931
1037.788871,5960,133430.80713
1032.801331,6073,133512.329591
1025.698251,6085,133593.108618
1024.44427,6174,133675.170269
1030.799725,5809,133753.909884
1028.432598,6027,134574.961148
1037.165134,5899,134660.25523
1024.896253,6018,134740.398085
1033.547917,6018,134823.389421
1025.10677,6074,134904.577105
1030.428514,6098,134984.800807
1020.370997,6087,135066.132114
1024.312556,6099,135146.969668
1032.237149,5889,135225.996057
1015.25259,6301,135308.737542
1019.900504,6075,136098.802759
1039.662933,5886,136177.67183
1025.31224,6041,136259.404347
1030.683426,5828,136337.5066
1029.762666,6157,136419.707484
1033.525062,6023,136499.740087
1021.433907,5989,136577.888951
1037.09764,5913,136657.25825
1018.868417,6214,136739.099499
1008.75826,6119,136819.603259
1026.735965,6070,137640.452074
1019.541171,6185,137720.439265
1033.942525,5915,137801.020752
1038.399085,5893,137879.443994
1031.653941,5822,137959.450854
1027.197396,5889,138038.265965
1027.97756,5860,138117.573358
1036.300699,5752,138197.555187
1035.584577,5843,138278.93176
1033.113441,5860,138358.316582
1033.877671,5944,139182.997007
1020.283048,5859,139261.746726
1017.135518,5921,139341.895759
1036.123932,6000,139421.667253
1026.420573,6172,139506.130291
1037.199523,6191,139589.728933
1038.569451,5783,139669.371364
1025.069937,6128,139752.031651
1037.183789,6018,139833.711859
1042.003207,5917,139915.405002
1029.034126,6050,140733.339047
1044.181047,5919,140815.108226
1028.54006,5834,140895.299385
1026.917649,5926,140976.769769
1036.221757,5824,141055.537948
1033.6775,6130,141139.649847
1036.036701,5941,141220.838637
1035.658853,5925,141302.633709
1019.444236,6286,141386.700628
1033.277511,5929,141465.321217
1035.370655,6064,142313.223423
1023.494659,6058,142395.786352
1029.613806,5990,142478.076499
1026.377661,6021,142560.09407
1021.212346,6285,142645.843252
1031.841681,5987,142726.164089
1018.894843,6215,142809.6669
1046.453798,5827,142889.912069
1038.08093,6020,142970.926234
1030.371887,5932,143052.99809
1026.802375,6017,143859.641177
1016.585562,6068,143942.080109
1011.140644,6119,144023.686284
1031.788004,5887,144104.070503
1029.453847,6304,144187.322012
1022.383533,5956,144268.768149
1015.049173,6022,144349.387895
1028.643568,5998,144428.774608
1027.641564,5876,144508.439049
1027.348023,5993,144587.6419
1031.29094,5965,145416.628551
1024.887998,5987,145497.450305
1029.868678,5947,145576.532111
1025.609733,5889,145657.172228
1025.592574,5998,145737.624651
1043.279887,5833,145816.711064
1027.881813,5911,145895.949597
1012.71037,5959,145975.050672
1021.907096,6083,146058.222457
1022.042897,6003,146139.194077
1023.451658,6194,146944.858112
1024.660989,6007,147026.652219
1027.324165,6085,147108.327645
1028.378774,6124,147191.004591
1029.868133,6024,147271.478868
1022.983917,5938,147350.735384
1019.161173,6183,147432.887644
1042.939706,5805,147512.249615
1029.36127,6089,147595.119179
1019.647882,6093,147677.227569
1032.992085,5986,148498.492484
1043.029108,5750,148576.937563
1025.075487,5938,148657.01354
1020.227256,6022,148738.965768
1030.909593,6081,148821.72458
1018.731091,6104,148901.206278
1033.448835,5971,148982.695661
1032.527086,5928,149065.489478
1033.320718,5906,149146.459396
1026.537936,6096,149229.40491
1009.45475,6303,150039.250769
1024.303293,5930,150118.301347
1024.306729,6042,150199.870866
1025.17211,6079,150281.03763
1024.309053,5977,150361.213212
1042.897941,5642,150438.547753
1030.700948,5985,150518.497741
1026.173349,5950,150599.495938
1029.720213,6041,150679.639791
1028.859737,6076,150762.313484
1031.754938,5841,151585.480372
1017.956261,6017,151665.615996
1018.920582,6167,151747.9446
1028.644797,5871,151825.871515
1022.149415,6004,151907.732637
1008.651339,6185,151992.045599
1029.157382,5775,152071.097027
1010.068296,6144,152153.468153
1036.024186,5777,152232.611815
1036.032976,5742,152312.502132
1022.469152,5889,153119.147249
1024.566901,6031,153200.042048
1017.884872,6001,153279.281884
1019.99885,6134,153362.090293
1032.288824,5911,153442.108942
1034.623504,5821,153522.509605
1023.998491,6004,153602.455956
1015.977408,6084,153685.55103
1033.130159,5835,153764.321814
1014.433851,6056,153846.330962
1022.853336,5792,154673.31524
1038.583915,6041,154753.950304
1039.99107,5760,154832.89019
1030.962169,5913,154913.880143
1032.804253,5947,154994.518905
1030.258458,5800,155074.376676
1032.933831,5889,155156.321943
1020.337161,6124,155240.626975
1021.228979,5993,155323.202645
1026.422541,5867,155403.639601
1014.907641,6152,156219.984085
1016.53619,6201,156304.447813
1034.4532,5873,156385.130407
1026.081905,5908,156467.13517
1032.993721,6057,156549.036572
1019.540696,5865,156628.076601
1023.800817,6003,156709.89847
1035.738547,5811,156789.42474
1026.309865,5811,156869.837161
1022.488051,5901,156951.29993
1029.327292,5868,157777.338806
1034.332867,5732,157858.103993
1029.488081,6109,157941.180272
1019.307754,6134,158024.574236
1028.171063,6147,158106.535913
1028.737289,6047,158189.264982
1030.651516,6052,158270.987443
1023.261712,5926,158352.729807
1028.234832,5869,158433.839818
1023.812008,5986,158514.519462
1032.301496,5886,159325.51951
1018.203272,6023,159407.132784
1007.317245,6233,159491.533292
1032.227667,6021,159572.778635
1027.09541,5891,159654.536758
1027.362487,6141,159738.221951
1028.323979,6122,159822.744673
1018.514854,6003,159902.529716
1025.285362,6076,159983.212637
1029.327963,6016,160064.828405
1017.343061,6190,160892.540428
1031.693962,6017,160974.51956
1030.348585,6228,161058.089752
1026.901298,5818,161136.827684
1024.131605,6028,161219.317381
1032.357622,5922,161300.941123
1024.787283,6178,161384.906818
1028.914484,5916,161464.905961
1021.601797,5958,161544.921527
1030.729108,6004,161625.764256
1030.644654,6137,162438.440253
1029.952515,5882,162518.383279
1025.458293,6045,162600.913976
1027.771704,5914,162680.901103
1043.246575,5691,162758.457587
1025.378316,5905,162846.059666
1011.615281,6087,162929.317149
1036.682149,5779,163010.371526
1036.053429,5822,163089.743951
1033.973516,6061,163172.661006
1022.493748,6037,164000.195789
1035.449449,5909,164081.166189
1024.532106,5987,164163.432731
1026.579673,6151,164246.929916
1027.472355,5835,164325.799308
1020.618062,6063,164408.35387
1040.166809,5836,164487.392346
1030.701924,6018,164569.797946
1030.3709,6103,164652.752786
1010.418986,6090,164736.042484
1042.979047,5902,165552.794317
1026.99866,6060,165635.406703
1031.62233,5696,165714.654875
1018.971619,5996,165796.825523
1042.825007,5704,165874.364273
1028.529176,5987,165955.563309
1018.768654,6253,166039.726953
1028.36537,6180,166122.219664
1031.007666,6060,166204.759924
1012.139095,6201,166287.610486
1043.077675,5851,167119.887632
1025.27883,5871,167199.507153
1032.094821,5895,167278.631265
1031.468891,6195,167362.458402
1042.219807,5840,167442.17509
1021.926697,5933,167523.335591
1015.599213,5995,167604.503141
1030.778416,5952,167686.323034
1025.860701,6063,167767.286935
1023.045459,6164,167849.631059
1038.381195,6020,168694.618082
1037.733733,5991,168779.097638
1035.327116,6022,168864.617636
1036.768447,6132,168947.624223
1014.046554,5989,169026.602214
1014.286881,6370,169112.550432
1029.274207,6082,169194.043982
1016.022922,5961,169275.834184
1025.31282,5985,169357.06064
1020.358989,6194,169439.035563
1026.162701,6087,170249.424131
1022.959998,6012,170331.292864
1035.752773,5923,170410.162074
1009.544468,6159,170495.57549
1038.201337,6151,170577.814008
1017.243305,6078,170660.506295
1025.823853,6041,170743.073656
1039.579665,5929,170823.747855
1026.186409,6089,170906.318742
1033.351349,5862,170985.301521
1028.269939,5902,171820.87386
1022.623314,6028,171902.931454
1018.057404,5976,171984.505631
1021.777699,6142,172068.070991
1006.867724,6113,172151.878698
1039.456947,5925,172233.748463
1026.834105,5945,172314.429139
1012.165786,5995,172394.890354
1024.984408,6055,172477.355499
1029.516862,5935,172557.599777
1025.656326,5827,173375.672659
1037.276544,5815,173456.569532
1032.162622,6150,173540.740285
1031.570766,5862,173621.961375
1027.202555,6098,173704.394658
1028.810325,5981,173785.909426
1032.121641,6022,173868.811896
1031.828738,6028,173950.512116
1026.200483,5941,174032.230838
1023.402524,5952,174116.925994
1026.975197,6218,174948.810613
1029.408388,6023,175030.764122
1038.832435,6043,175113.71965
1022.948286,5951,175194.98048
1029.08959,5864,175274.770896
1017.110142,6141,175358.61051
1037.462215,5902,175438.359028
1008.579686,6039,175519.70003
1033.213017,5930,175599.977593
1036.339726,5903,175679.706386
1035.585148,5945,176494.610265
1039.031687,5947,176575.102887
1022.560985,6068,176657.655985
1034.174904,5906,176737.003044
1033.297143,5946,176817.840605
1032.236023,5995,176899.982491
1027.844713,6085,176984.144258
1032.46769,5880,177064.676161
1016.576148,6037,177146.495699
1028.926685,5922,177228.635048
1018.796961,6026,178062.227522
1021.600999,6064,178145.599689
1033.88221,5952,178227.631051
1027.881715,6151,178310.322392
1036.589076,5938,178391.04656
1038.813897,6071,178473.494987
1022.234327,6171,178557.501777
1026.082045,5926,178637.898627
1027.64208,5851,178718.406094
1026.946949,5989,178799.766899
1017.02716,6126,179635.694549
1025.699857,5943,179718.119436
1036.256491,5915,179799.241054
1044.18628,5690,179877.865733
1027.891079,6082,179962.171842
1034.161556,5792,180041.035612
1021.352465,6191,180126.344876
1039.668641,5859,180208.038441
1031.082867,6047,180291.302276
1051.315703,5768,180370.551052
1016.731843,6059,181182.497385
1027.38784,5941,181265.646478
1048.150843,5603,181343.670484
1035.495671,5955,181425.188249
1030.780603,6006,181506.706079
1026.998742,6156,181590.849605
1037.373348,5869,181671.204937
1025.678185,6120,181755.373292
1029.844232,6172,181839.319855
1031.23958,6029,181921.723951
1021.39699,6029,182763.959139
1043.285898,5815,182843.980173
1026.459748,6235,182929.812733
1032.207018,5999,183012.355624
1024.472797,6053,183094.582303
1024.006013,6065,183178.028033
1030.633795,6107,183260.605243
1030.850575,6054,183344.807083
1034.168349,6013,183427.118067
1035.241874,6063,183510.804866
1033.345136,5946,184324.470063
1024.99364,5993,184408.54544
1034.803101,5947,184492.340665
1028.799226,5896,184574.174691
1042.848125,5789,184655.60613
1030.139202,5845,184734.952986
1021.686343,6182,184820.887805
1027.732731,6035,184907.084436
1039.676243,5898,184990.00601
1037.168281,5852,185070.829955
1009.954692,6281,185915.728863
1029.982673,6020,185999.067325
1034.545948,5976,186082.151867
1025.669188,5999,186164.720593
1014.736789,6305,186252.01299
1040.406128,5911,186334.960697
1027.593061,6040,186419.269332
1025.287949,5915,186500.156329
1039.624475,5981,186582.943572
1014.276303,5823,186663.367305
1034.01778,6044,187476.808324
1035.200314,6021,187556.435249
999.90356,6084,187638.90114
1031.064544,6009,187719.74203
1023.380671,5907,187799.691534
1029.676764,6136,187882.757612
1026.445395,6007,187963.198959
1020.578429,6101,188044.395502
1030.984924,5930,188122.319408
1031.858899,5973,188202.613467
1022.847669,6238,189029.469385
1043.11881,5767,189108.147854
1044.066385,5793,189187.421143
1039.363652,5892,189265.474998
1030.062823,5877,189344.506169
1032.308012,5947,189424.40876
1027.027467,6196,189508.316399
1030.493157,5912,189587.950604
1013.578483,5986,189668.924667
1034.679697,6056,189749.6295
1019.272927,6178,190560.1663
1022.064069,6016,190640.560322
1022.1062,6172,190724.619984
1017.253334,6059,190806.760759
1032.3257,5932,190888.273837
1027.76567,6128,190969.665592
1026.824942,5867,191047.835347
1025.100016,6072,191129.85543
1023.887572,5915,191208.911621
1040.569026,5938,191289.821863
1025.174743,5850,192107.02813
1038.662756,5965,192187.920508
1034.173293,5889,192267.796795
1034.476939,5943,192348.653307
1019.632859,6101,192431.680799
1016.224868,6044,192514.940507
1029.133134,6009,192598.007525
1029.999854,5924,192680.0743
1025.080038,6007,192759.850116
1027.636461,5972,192841.009137
1029.596309,6181,193649.993957
1033.059378,5897,193728.661262
1030.551366,6008,193808.640907
1031.606822,5963,193888.543243
1029.289833,6109,193969.086048
1028.487928,5895,194049.145181
1017.696268,6055,194130.322554
1028.395804,5802,194211.326131
1033.41287,5825,194290.693682
1025.641222,5861,194369.75389
1023.614042,6082,195194.581496
1023.565316,6070,195276.795455
1036.968329,6015,195358.76981
1025.217622,5961,195439.012692
1026.361346,5996,195518.341683
1030.514159,6111,195600.777682
1033.095101,5865,195682.05706
1033.850428,5979,195763.069707
1033.080679,5857,195841.788068
1030.965022,5895,195919.398556
1049.749948,5728,196726.463289
1026.257876,5965,196806.587728
1029.546151,6036,196887.751905
1025.886525,6070,196969.598131
1031.427275,6070,197051.087949
1029.106296,6090,197133.582047
1031.850949,6077,197214.391464
1017.506126,6069,197294.224374
1028.34022,6150,197376.389477
1035.344305,5870,197455.831275
1026.226075,6310,198282.067721
1025.436629,5984,198363.820738
1024.348945,6078,198444.268228
1031.622933,5987,198526.532243
1019.49407,6015,198607.271297
1042.090198,5885,198688.003802
1011.448503,6132,198769.814619
1015.684097,6040,198849.520173
1031.683384,5941,198929.974665
1026.187299,6175,199011.279252
1004.83626,6117,199842.815099
1027.561295,5945,199923.567919
1019.109229,6019,200004.422688
1007.094494,6184,200088.299952
1019.696595,5830,200167.486053
1027.471441,6075,200250.039139
1037.836841,5899,200329.384776
1031.027771,6023,200409.315785
1036.535234,5907,200491.374173
1017.240065,6075,200575.815062
1028.118511,6025,201395.094449
1026.401149,6011,201477.446733
1035.840517,5819,201559.023357
1030.116202,6016,201641.53738
1032.111067,5947,201724.503199
1003.95921,6238,201809.953874
1040.207629,5709,201890.26158
1030.055764,5867,201970.293503
1040.542194,5794,202049.008162
1034.560771,6008,202131.607065
1028.57298,5932,202977.810365
989.098926,6312,203064.350269
1034.764204,5937,203145.890804
1022.086351,5929,203226.212069
1042.237774,5885,203307.808962
1019.221163,6027,203390.000458
1031.814943,6012,203472.981323
1036.765593,6035,203556.868198
1026.187518,6006,203639.994362
1028.437759,5895,203722.556841
1049.819144,5813,204544.004218
1016.97479,5976,204627.303728
1025.544209,6063,204709.83473
1043.080645,5667,204788.037501
1025.63793,5896,204867.549066
1029.810732,6137,204951.364737
1037.720402,5945,205032.568188
1017.482985,5861,205114.020512
1031.481239,5965,205194.519934
1022.545394,6146,205278.396007
1007.698834,6097,206121.475056
1016.114268,5956,206202.995996
1018.555809,6005,206285.275108
1018.557548,6142,206368.150935
1022.285836,6039,206450.305079
1035.146809,5931,206529.79763
1030.6927,5964,206610.589948
1027.95127,6074,206694.579576
1027.663292,5957,206776.948758
1036.541752,5861,206858.225156
1037.739463,5875,207667.171184
1026.997412,5817,207747.137549
1029.880617,6279,207831.014374
1012.888399,5849,207911.730361
1023.535812,6094,207993.878063
1040.96759,5954,208075.665371
1033.590372,6071,208158.186551
1030.036064,6071,208239.636753
1017.722304,6143,208324.191414
1028.600976,5984,208405.767788
1036.485116,5929,209248.079745
1039.950901,5836,209327.791534
1032.183042,5984,209408.617205
1040.593085,5934,209490.521124
1017.052393,6173,209572.786267
1031.951034,5882,209654.337234
1028.279151,5958,209737.276793
1025.171315,6028,209821.238051
1024.978054,6246,209908.969803
1016.597493,5897,209990.590612
1036.502582,5791,210805.382079
1027.874333,6107,210890.197892
1030.241323,5808,210970.729762
1036.657033,6085,211053.707983
1026.215778,6011,211136.545666
1011.770007,6036,211219.638155
1038.484864,5840,211300.10587
1030.395329,5994,211382.710387
1031.905007,5997,211464.377018
1027.451219,5752,211545.196129
1034.228623,5892,212388.022732
1042.687958,5674,212467.435616
1033.581894,5838,212547.557157
1023.412308,6118,212629.069629
1037.221214,5997,212712.949061
1037.181785,5663,212792.300285
1028.050633,5944,212875.781378
1028.622169,6115,212960.0196
1042.945847,5793,213040.713927
1037.451656,5983,213124.82717
1033.505479,5897,213935.341014
1021.51818,5864,214014.967638
1033.211584,5980,214095.564035
1027.053952,6045,214177.140883
1030.115706,5935,214258.624449
1026.601665,5968,214340.177779
1029.263359,6106,214426.739932
1014.99642,6203,214513.134752
1027.356945,6005,214595.688118
1016.120122,6356,214680.60922
1020.67573,6089,215522.120676
1017.256251,6090,215603.784271
1029.733497,6028,215684.003899
1030.527186,5924,215764.924275
1025.414481,6009,215845.868631
1039.65592,5842,215927.544978
1031.827335,6050,216011.017442
1030.015331,5852,216092.311034
1004.310559,6291,216178.058738
1035.683329,5907,216258.434788
1030.038763,6043,217067.679942
1024.796794,6051,217150.887992
1027.095272,6245,217233.981306
1029.223991,5942,217318.565012
1034.355216,5921,217399.052485
1017.704944,6184,217481.40778
1022.64819,6113,217564.863606
1022.178842,5932,217645.592152
1021.834657,6014,217728.469689
1031.641252,6116,217811.680241
1039.864994,5894,218646.780255
1022.707613,6144,218729.583572
1022.232291,6136,218812.927677
1016.345177,6251,218898.337803
1040.958547,5830,218976.972481
1025.176702,6087,219059.533509
1018.414455,6068,219142.609443
1037.556556,5895,219222.637635
1022.119992,6060,219306.18525
1032.158759,5999,219387.410808
1030.22175,5985,220195.256634
1024.0465,6044,220276.149327
1021.932348,6033,220360.171766
1036.998638,5962,220441.771169
1006.462422,6093,220527.143175
1027.185751,6090,220610.424081
1022.781574,6146,220696.541629
1028.790779,5948,220779.164526
1027.836442,5923,220860.915901
1022.971687,5973,220946.238929
1023.040118,6165,221777.724941
1035.713705,5889,221857.437604
1038.965891,5749,221936.875361
1012.479644,6145,222019.236527
1026.833618,6082,222103.099727
1032.934769,5932,222184.484444
1030.406971,6091,222267.580965
1031.727389,5980,222348.790766
1032.05895,5899,222428.941634
1033.402008,5943,222513.248174
1038.319558,5679,223322.76322
1012.268304,6143,223405.547452
1035.86022,5866,223485.146126
1025.655314,6060,223565.923194
1028.601139,6004,223636.151743
1031.269332,5973,223708.637773
1026.687381,6124,223780.318756
1038.395079,5751,223849.976651
1040.391144,5802,223919.261114
1034.403878,6189,223990.008258
1023.58513,6201,224725.316371
1037.616448,6012,224798.150672
1034.02767,6007,224871.085877
1026.602321,6112,224945.096644
1043.564151,5985,225015.154717
1024.276241,6148,225089.939965
1015.754041,5927,225161.655781
1032.943309,6062,225233.516053
1027.381997,6182,225307.609715
1046.049792,5721,225377.712453
1015.420571,6201,226098.858905
1042.665422,5966,226170.722407
1031.621971,6103,226243.825838
1043.9253,5975,226316.353188
1024.115182,5973,226388.759392
1035.733332,5795,226459.473836
1028.310444,5873,226531.374388
1030.349527,6051,226603.518932
1025.053099,6059,226675.835661
1028.678514,6059,226747.743603
1022.642862,6161,227483.655011
1034.577283,5838,227553.548251
1013.750888,6167,227627.840936
1039.64951,6005,227702.060142
1027.522802,5930,227773.741352
1024.664491,6097,227848.017798
1030.456566,5982,227919.623557
1046.150969,5952,227994.080156
1026.254711,6045,228065.945777
1013.247338,6154,228140.290886
1030.493434,6059,228877.810811
1015.850661,6094,228952.678971
1042.436641,5950,229024.358844
1028.304976,5927,229095.649002
1028.631709,5892,229166.210083
1043.367041,5839,229237.361192
1044.427844,6078,229309.771296
1036.03171,5923,229381.977883
1030.095116,6081,229453.166548
1043.370052,5860,229523.083617
1028.264065,6026,230234.543785
1041.842747,5837,230305.455946
1029.539506,5838,230373.375566
1036.385938,5794,230444.071023
1036.202503,6027,230515.485883
1037.105681,5852,230587.434586
1032.868023,6324,230662.284323
1026.65141,6014,230732.87236
1031.98835,6094,230804.315684
1034.613214,6086,230874.813106
1030.467149,6175,231609.011515
1030.647313,6012,231681.108389
1046.226285,5835,231750.042573
1008.948614,6220,231825.816896
1048.686222,5885,231897.291079
1024.678278,6141,231970.39923
1030.595814,5870,232041.901315
1020.61912,6101,232114.570765
1016.519122,5962,232185.889345
1015.643687,6283,232259.168397
1051.678716,5871,233045.338761
1038.399532,6111,233129.316221
1040.598536,5981,233211.160157
1030.578466,6062,233292.274839
1031.893005,5992,233373.924784
1036.996818,6028,233455.820288
1042.127394,5923,233539.512847
1041.319451,5901,233621.025207
1021.056693,6019,233703.891757
1042.526663,5853,233784.325119
1031.796137,6146,234616.596143
1025.476651,6292,234703.72436
1029.944671,6199,234789.113718
1033.380016,5931,234871.046031
1038.867067,5972,234954.34695
1034.578907,5992,235036.473594
1041.885197,5923,235119.105124
1048.273397,5826,235200.179397
1031.47061,6043,235285.668623
1029.891592,5927,235367.131463
1044.24594,5815,236182.487409
1034.296328,5911,236263.369519
1036.0858,5957,236345.383727
1023.878735,5815,236424.82944
1018.93191,6067,236508.959606
1035.439936,6107,236591.939049
1036.441759,5952,236672.649086
1035.998868,5967,236754.549653
1038.470671,6019,236836.237582
1025.652515,5968,236918.602584
1035.997467,6045,237753.409744
1034.096821,5938,237833.85203
1048.662932,6019,237916.911093
1039.537779,5779,237997.295869
1037.769778,6000,238081.373424
1041.378493,5880,238161.637539
1029.37141,6036,238246.448312
1015.745442,6124,238329.738652
1033.110894,5988,238411.123721
1047.289235,5760,238490.83454
1027.268006,6053,239308.469977
1039.43862,5981,239390.708329
1040.085626,6018,239471.849029
1027.038711,5998,239554.661462
1030.479018,6096,239637.849737
1021.862158,6165,239722.186861
1046.107456,5899,239802.800791
1032.558831,5884,239882.285249
1053.440882,5860,239963.001298
1034.260699,6062,240044.253862
1038.903649,6141,240878.931559
1046.956408,5915,240960.127136
1026.483629,5998,241041.492328
1030.047317,5895,241122.724912
1045.412334,5936,241203.467406
1045.581576,5805,241283.562301
1036.462388,5979,241365.99501
1030.366595,5993,241445.979532
1047.760006,5835,241526.177293
1039.918267,6068,241607.886902
1026.256969,6054,242450.94725
1035.406999,5833,242533.31572
1035.443013,5986,242616.284341
1041.992602,5830,242696.61863
1033.83052,6171,242781.762256
1038.266598,5887,242862.776522
1023.829705,5902,242944.966655
1033.274833,6063,243028.258312
1026.937957,6172,243110.643821
1044.257171,5834,243189.665201
1037.035235,5795,244001.889517
1034.978997,5963,244084.925689
1039.364212,5797,244164.861673
1031.881591,6016,244247.595274
1009.771343,6275,244332.646812
1018.152309,6004,244413.600252
1037.853985,5757,244495.108741
1031.139059,6028,244578.963439
1031.7556,6151,244664.670031
1030.899438,5983,244747.641225
1035.238577,6116,245582.736516
1028.018783,5933,245666.221293
1033.231497,5873,245745.093622
1040.658728,5962,245828.869819
1028.158606,6190,245912.289064
1025.577134,5998,245995.058865
1026.906701,6072,246081.667111
1038.140337,5899,246162.174383
1022.646151,6128,246245.671601
1024.373142,6103,246327.995464
1037.157943,5883,247140.434265
1026.53635,6051,247224.584289
1036.680546,5951,247308.242417
1034.500211,6011,247391.446239
1037.382238,5993,247476.132521
1027.805974,6097,247559.48405
1043.559148,5904,247639.734794
1049.474656,5713,247719.785045
1022.962386,6038,247802.809722
1029.807326,6051,247886.471562
1034.490609,6064,248732.949559
1039.823723,6083,248815.023581
1026.691886,6099,248899.888954
1034.314638,5964,248982.561349
1042.876921,6050,249066.374485
1032.72561,6070,249151.61528
1031.048333,6118,249233.859791
1026.168105,5912,249315.144921
1022.538844,6043,249397.641623
1038.317571,5999,249481.096101
1025.886395,5918,250301.18094
1030.955525,6160,250385.492147
1041.510971,5860,250468.713315
1038.426476,6048,250556.154404
1021.368174,6089,250641.864397
1024.035944,5964,250725.895795
1028.361026,6130,250811.273105
1026.612736,6234,250898.228243
1031.619597,6086,250984.920284
1019.695194,5957,251069.249021
1030.111499,5858,251933.198295
1043.228219,5948,252016.476462
1029.550543,6056,252101.095229
1042.913621,5986,252186.576679
1032.07296,6043,252271.674339
1021.012321,6080,252357.391956
1041.850841,5982,252441.283583
1026.407501,5948,252523.792004
1045.530734,5744,252605.800258
1038.667841,6019,252689.519713
1032.681989,5933,253538.057096
1020.507223,5959,253623.540217
1019.358231,5964,253709.252195
1023.922133,6228,253797.338622
1043.514024,5848,253881.020065
1009.982993,6200,253967.113351
1037.055946,5940,254053.408076
1035.404673,5806,254138.275599
1027.08732,6091,254224.846709
1026.79534,6121,254311.105532
1029.64726,6180,255162.240964
1026.720515,6042,255246.171186
1047.094024,5875,255333.680785
1025.354151,6084,255419.075318
1024.325283,6062,255505.094227
1029.728103,6004,255588.967814
1025.024494,6021,255674.342111
1034.762246,5951,255757.572788
1039.750352,6053,255842.016295
1026.05614,6266,255929.245979
1025.033734,6120,256789.296112
1042.864877,5800,256874.023737
1017.662843,5863,256957.505
1032.680476,5973,257040.121515
1047.781094,5920,257124.69093
1027.869129,6053,257209.253027
1030.445221,6039,257294.95833
1034.540944,6009,257378.86518
1031.430626,5711,257460.046158
1036.300513,5867,257542.179298
1022.097692,6159,258435.015907
1024.389664,6057,258523.552191
1028.442996,5947,258608.884614
1018.914901,6249,258698.473347
1055.7128,5652,258779.361812
1027.224996,6060,258864.502121
1029.17991,6096,258951.503778
1028.986243,5959,259036.618212
1030.875177,6173,259124.027396
1027.633169,6087,259208.873493
1041.442998,6059,260052.71512
1022.902907,6100,260137.385688
1042.263537,6023,260222.798197
1031.347179,5913,260305.611672
1035.188771,5783,260387.920697
1027.930118,5983,260473.282372
1044.637786,5840,260555.041101
1030.662545,6250,260643.776726
1029.975265,6258,260732.282641
1055.965517,5791,260814.754917
1029.769109,5987,261688.355309
1035.828229,6032,261772.182117
1045.557035,5791,261854.884721
1030.867908,6053,261940.028342
1033.419611,5938,262024.686549
1022.705496,6221,262111.618811
1033.963494,5955,262194.997103
1013.152276,5947,262279.719338
1023.412391,6077,262364.299179
1030.188739,5907,262448.560384
1032.451854,5848,263294.923495
1031.090463,6016,263382.061664
1031.466409,5836,263463.156395
1016.418663,6185,263550.980505
1034.37586,5958,263635.365171
1044.50815,6018,263720.247016
1038.420346,5799,263803.461644
1029.044797,5945,263887.561564
1045.556254,5696,263969.01609
1022.850645,6113,264055.123036
1044.625814,5713,264921.747773
1027.462321,6115,265006.50035
1017.061956,6025,265089.294532
1020.083215,6283,265176.784977
1039.245723,6162,265262.040405
1032.660765,6147,265348.621135
998.089619,6001,265433.586735
1027.093814,6017,265517.639536
1019.132412,6174,265603.582071
1026.805064,6187,265688.81762
1038.006448,5873,266532.006288
1025.573551,6074,266618.487727
1023.928152,6202,266705.44277
1034.75735,6029,266791.224735
1031.590854,5816,266873.819033
1028.609629,6066,266959.315938
1037.179434,5827,267043.130834
1037.87629,5911,267125.754444
1042.061685,5753,267209.466478
1027.895125,6129,267295.653882
1040.803689,5843,268157.906368
1023.623404,5883,268240.729074
1039.709722,5840,268322.936274
1035.225344,5741,268405.000042
1030.524791,6016,268489.339077
1026.909445,6182,268577.342041
1020.745455,6102,268661.835032
1047.951453,5641,268741.752084
1040.995772,5772,268825.208944
1033.770547,5932,268908.890588
1037.897243,5888,269763.28246
1038.610526,6011,269850.9388
1030.653475,5853,269934.283662
1034.044891,5998,270019.701972
1041.714824,5804,270102.622566
1040.075393,5879,270186.763294
1047.524407,5992,270272.572858
1030.887406,5919,270357.28777
1023.347163,6236,270446.238955
1034.730029,6109,270533.289105
1035.9763,5920,271400.263984
1021.289597,6063,271487.491927
1036.071509,5701,271568.903664
1034.464982,6072,271655.816497
1012.748968,6168,271742.154119
1032.936373,6027,271827.966302
1026.571255,6131,271915.158217
1024.931541,6039,271999.832866
1035.554551,6128,272088.163744
1029.457084,5942,272174.730715
1024.327166,6184,273032.339363
1046.123479,5839,273117.317382
1032.683094,6099,273203.694221
1016.964484,6232,273290.389397
1024.573852,5927,273375.564211
1024.111479,6040,273461.957257
1021.535247,6013,273549.011168
1024.665711,6284,273636.438899
1048.683395,5931,273720.676291
1039.232821,5787,273804.727537
1044.561201,6049,274671.563963
1019.042683,5948,274756.952588
1033.468883,5961,274842.114749
1022.667898,6139,274930.35674
1028.4023,6209,275017.420611
1040.106959,5861,275100.858448
1036.266459,5981,275187.268922
1037.755847,5754,275269.43184
1027.813822,6071,275356.399766
1047.88932,5767,275438.645873
1039.815247,5917,276313.649399
1019.831524,6001,276399.526749
1032.490749,6137,276484.987087
1031.396162,6012,276570.593394
1038.026944,5956,276656.927046
1031.988458,6051,276743.663255
1040.700545,5975,276831.658921
1038.42323,5884,276917.908225
1036.376426,5940,277003.795144
1032.610634,5910,277089.4761
1029.944681,6086,277940.829711
1027.896047,6232,278028.242615
1040.426161,6123,278116.141589
1026.344778,6050,278203.207639
1040.31463,5940,278288.436092
1031.942939,6040,278374.948622
1029.521494,6001,278463.653127
1041.246588,6039,278551.199507
1027.405996,6184,278638.174113
1040.705964,5943,278724.511829
1036.662695,5970,279599.445883
1022.659476,6160,279686.761026
1024.788018,6026,279771.964859
1046.70458,5849,279854.683946
1039.017107,5928,279940.243108
1033.473284,6055,280026.913836
1034.638968,6072,280114.238156
1041.259133,5793,280197.219734
1044.496058,5903,280282.224869
1043.626386,5837,280366.639514
1044.648881,5803,281215.300441
1017.802167,6155,281302.468357
1032.690619,5901,281387.635954
1026.391715,6068,281473.317269
1037.848168,6082,281559.043691
1031.932503,5931,281644.930176
1033.225685,5874,281728.715764
1027.760808,5983,281815.603692
1026.356312,6215,281904.12226
1050.37861,5880,281990.075993
1018.811623,6086,282861.155681
1023.839068,5846,282943.612413
1025.79399,6026,283029.729604
1042.839057,5941,283113.427179
1029.449421,6011,283200.81799
1022.881964,6032,283286.052741
1032.514466,5935,283371.505972
1019.907978,6122,283457.210673
1029.261992,6187,283543.937083
1038.683002,5707,283626.563537
1034.674331,5974,284478.898745
1042.075067,5928,284563.179397
1030.006387,5907,284647.206655
1027.668052,5974,284732.180794
1023.387935,5915,284815.683238
1025.360146,6118,284902.690948
1037.27089,5919,284986.978298
1039.912944,5989,285073.298321
1040.396228,5924,285157.403598
1047.81416,5596,285238.887978
1043.530819,5987,286110.702342
1033.477681,6163,286198.481659
1022.207663,5968,286284.700936
1023.963053,6102,286371.542772
1020.446346,6111,286456.790735
1023.868023,6133,286545.236299
1031.646712,5839,286630.501576
1042.605893,5771,286714.890974
1040.721837,5732,286796.749707
1041.979972,5867,286880.29657
1017.791987,6317,287737.650389
1043.416816,5854,287822.635636
1032.985403,5951,287908.094199
1030.075592,6011,287995.844933
1027.889179,6045,288080.984745
1028.948815,5910,288167.065845
1035.888629,6032,288254.021993
1026.876554,6176,288340.022537
1026.392227,6027,288425.770423
1038.952659,5928,288509.955776
1041.844966,5979,289384.878589
1042.483567,6042,289469.555182
1041.056864,6104,289555.319077
1030.857421,6123,289643.07702
1028.589209,5971,289727.784894
1035.705919,6021,289814.761488
1010.562394,6077,289900.742613
1018.188059,5943,289985.968852
1027.919069,5999,290070.287795
1037.617204,6009,290155.433252
1031.862126,5979,291030.089875
1027.552178,6064,291115.70861
1008.70803,6039,291204.587953
1031.113248,6010,291291.140664
1048.843793,5794,291374.861186
1033.943365,6013,291461.631568
1029.12811,6145,291549.546079
1031.264137,6078,291636.318757
1016.609093,6126,291722.971633
1015.598467,6257,291810.216638
1034.758142,5763,292651.146234
1026.758953,5960,292737.598331
1033.600855,5997,292824.942561
1025.352381,5946,292911.787713
1032.868626,5975,292997.66653
1025.757619,6014,293082.440698
1038.783435,5833,293167.30312
1024.67637,6038,293253.206574
1024.050407,6067,293342.509228
1042.299195,5838,293426.044071
1027.233485,5726,294296.681288
1016.510239,6230,294385.644033
1037.528318,5822,294468.736379
1014.36315,6220,294559.262167
1025.802052,5983,294646.261678
1036.427228,5977,294733.074777
1023.984178,5958,294818.814987
1007.384111,6035,294902.934242
1035.052511,5908,294984.885786
1028.535014,5931,295066.541373
1042.717139,5707,295982.464299
1036.219242,6084,296080.155503
1038.073829,5894,296171.890783
1004.516297,6283,296269.069355
1040.435491,5920,296362.275455
1032.099775,5928,296458.06018
1029.045825,5995,296552.407034
1035.273236,5858,296638.574039
1024.019526,6039,296725.640318
1035.62981,5996,296812.84929
1031.045893,6033,297720.255854
1025.432211,6146,297811.6058
1026.5117,5857,297896.181478
1037.777567,6044,297983.03548
1033.309856,5919,298068.049512
1022.109021,6101,298154.237792
1019.825036,6199,298243.635828
1029.306815,6107,298331.663054
1043.284847,5750,298414.872206
1029.242963,6054,298500.391157
1031.295102,6131,299360.658576
1026.022017,5922,299446.006838
1030.302891,6092,299535.982109
1026.970858,6034,299623.332354
1043.00393,5841,299709.406999
1034.013705,5984,299796.170436
1033.321986,5908,299880.521978
1045.500664,5712,299963.861315
1013.41422,6204,300053.201487
1033.284044,5953,300139.803989
1024.717493,5935,301026.823379
1029.047171,5887,301111.548995
1043.084282,6037,301199.236442
1041.789959,5981,301288.216894
1017.393483,6121,301377.585462
1042.942321,5738,301460.239204
1041.944683,5905,301545.403558
1040.875748,6017,301630.882708
1029.854594,6007,301715.205511
1027.413727,5999,301800.920091
1020.632582,6186,302669.116615
1043.711182,5734,302753.409034
1037.597199,5733,302837.982695
1028.818815,5829,302922.183663
1028.53865,5952,303008.313285
1041.091131,5987,303094.943022
1022.244319,5826,303179.518925
1019.39388,5963,303266.840537
1034.928487,5904,303351.172774
1035.25071,5975,303438.005299
1035.345741,5979,304312.652617
1030.145312,5931,304398.846484
1037.990892,5951,304486.299384
1030.627156,6012,304573.117296
1028.653979,5955,304657.860991
1027.433101,6122,304746.678937
1027.856012,6135,304835.981575
1028.746012,6253,304926.537709
1027.885885,6137,305014.814418
1032.94705,6094,305103.437067
1029.559554,6212,305955.360309
1028.138366,6125,306040.96719
1021.567829,5946,306123.930772
1029.509524,6015,306210.226378
1037.619267,6013,306296.016871
1022.729659,6105,306382.966575
1036.351008,5904,306466.190347
1025.721824,6074,306549.830251
1042.134902,5885,306636.988009
1030.138362,6095,306722.328954
1037.6215,5984,307596.561749
1019.128182,6081,307682.940394
1031.624291,5835,307765.637429
1029.580806,6119,307852.304321
1038.352556,6048,307938.19922
1033.427097,5992,308023.854725
1024.347245,6054,308108.102906
1032.338264,6116,308193.856996
1027.473467,6092,308281.785139
1039.086791,5812,308364.026249
1033.183222,6189,309220.100984
1021.820228,6103,309305.038287
1036.808544,5878,309388.387633
1022.264419,6025,309472.509088
1029.032392,6106,309559.390472
1012.566396,6160,309645.749955
1017.816504,6118,309731.513594
1037.324218,6023,309817.864011
1022.426075,6031,309903.310404
1040.004909,5871,309988.899356
1026.38763,6105,310863.425756
1013.28591,6242,310952.287198
1032.746817,5917,311036.363218
1017.572828,6274,311122.569713
1036.886251,5914,311209.533475
1039.282503,5920,311293.462883
1027.606015,6046,311381.459767
1036.015343,5965,311467.971907
1028.598301,6125,311554.989848
1028.088354,6106,311642.21383
4,302488.200082
1012.385119,6137,302573.732678
1032.662742,6050,302657.415965
1034.537268,5869,302738.512489
1029.874072,5904,302821.138421
1051.881646,5655,302900.578228
1027.551532,6148,302985.117893
1033.951453,6010,303067.059187
1025.398066,6082,303150.3301
1033.978966,5879,303232.094181
1025.067469,5995,304067.933862
1033.708427,5882,304151.021824
1021.229677,5986,304233.294196
1023.27522,6210,304316.293213
1014.660362,6212,304400.677455
1032.359571,6139,304484.571293
1030.370707,6019,304568.082141
1022.152065,6030,304651.648358
1018.960928,6164,304737.058439
1035.18425,5966,304818.745418
1032.549396,6028,305658.858093
1038.645687,5709,305738.582007
1028.366719,6197,305823.850323
1027.559687,6226,305908.619061
1016.597355,6019,305990.959174
1017.533342,6036,306072.332763
1039.755181,5849,306154.782845
1024.723172,6033,306237.881149
1018.749312,6078,306321.919556
1037.416814,5922,306404.39715
1037.119349,5810,307233.608304
1036.708386,5898,307316.272717
1017.228638,6087,307400.765992
1024.904616,6113,307487.072298
1036.678513,6032,307571.520254
1038.059827,6063,307654.44331
1029.656599,6057,307736.569757
1034.073255,6042,307821.336492
1033.693522,5873,307902.42851
1031.75526,6038,307986.537307
1035.012476,5990,308838.235045
1025.934009,5878,308919.618556
1019.910393,6071,309005.150733
1020.934632,6004,309088.955068
1034.959149,5880,309172.061177
1013.256335,5937,309253.998681
1033.008563,5984,309336.336079
1042.575967,5596,309415.09518
1032.846673,5910,309496.309175
1018.851713,6068,309580.817241
1043.399236,5799,310410.900802
1015.418078,6176,310495.234079
1036.853295,5786,310575.352829
1039.671293,5889,310657.944275
1038.427524,5884,310743.069223
1011.937552,6001,310826.782962
1027.874698,6157,310911.820563
1029.143306,5812,310993.956733
1033.708046,5866,311075.652831
1023.407872,6355,311161.320786
